id,first_name,last_name,email,company_id
1,Donna,Miller,dmiller0@usda.gov,55
2,Donna,Chavez,dchavez1@networkadvertising.org,15
3,George,White,gwhite2@example.com,4
4,Ernest,Rice,erice3@cmu.edu,49
5,Henry,Collins,hcollins4@auda.org.au,7
6,Bruce,Marshall,bmarshall5@businessinsider.com,31
7,Amy,Hart,ahart6@admin.ch,76
8,Janice,Greene,jgreene7@soundcloud.com,84
9,Carlos,Ellis,cellis8@people.com.cn,35
10,Christopher,Miller,cmiller9@latimes.com,72
11,Shirley,Hansen,shansena@bizjournals.com,51
12,Eric,Gibson,egibsonb@google.com.hk,19
13,Scott,Graham,sgrahamc@ifeng.com,7
14,Jimmy,Wood,jwoodd@loc.gov,90
15,Bobby,Wright,bwrighte@odnoklassniki.ru,11
16,Ruby,Evans,revansf@ihg.com,21
17,Brandon,Kennedy,bkennedyg@miitbeian.gov.cn,89
18,Jean,Willis,jwillish@mlb.com,13
19,Jerry,Davis,jdavisi@microsoft.com,50
20,Irene,Howard,ihowardj@unc.edu,29
21,Paul,Marshall,pmarshallk@geocities.jp,28
22,Kathryn,Powell,kpowelll@google.fr,95
23,Wayne,Carroll,wcarrollm@lulu.com,45
24,Edward,Alexander,ealexandern@sphinn.com,60
25,Wanda,Stephens,wstephenso@fema.gov,8
26,Earl,Marshall,emarshallp@si.edu,77
27,Lori,Austin,laustinq@bbc.co.uk,67
28,Edward,Russell,erussellr@woothemes.com,66
29,Kevin,Simmons,ksimmonss@google.nl,12
30,Anthony,Marshall,amarshallt@geocities.jp,56
31,Mildred,Kennedy,mkennedyu@theatlantic.com,40
32,Anne,Parker,aparkerv@spotify.com,47
33,Kevin,Garrett,kgarrettw@acquirethisname.com,20
34,Nicole,Hall,nhallx@nsw.gov.au,68
35,Justin,Alexander,jalexandery@ycombinator.com,2
36,Sara,Thompson,sthompsonz@nyu.edu,50
37,Mary,Medina,mmedina10@dedecms.com,5
38,Brian,Hamilton,bhamilton11@slate.com,100
39,Debra,Washington,dwashington12@cloudflare.com,92
40,Steve,Reynolds,sreynolds13@gmpg.org,63
41,Marilyn,Lewis,mlewis14@ucla.edu,100
42,Marie,Gomez,mgomez15@so-net.ne.jp,9
43,Eugene,Fowler,efowler16@paypal.com,88
44,Jennifer,Wood,jwood17@washingtonpost.com,91
45,Sarah,Henry,shenry18@huffingtonpost.com,25
46,Ann,Medina,amedina19@sakura.ne.jp,78
47,Michael,Fernandez,mfernandez1a@yahoo.co.jp,71
48,Mildred,Miller,mmiller1b@spotify.com,51
49,Rose,Wheeler,rwheeler1c@dailymail.co.uk,1
50,Brian,Hanson,bhanson1d@deliciousdays.com,35
51,Douglas,Bell,dbell1e@over-blog.com,16
52,Amanda,Carter,acarter1f@bluehost.com,11
53,Randy,Elliott,relliott1g@aol.com,68
54,Clarence,Martinez,cmartinez1h@a8.net,67
55,Earl,Russell,erussell1i@hp.com,10
56,Christine,Dean,cdean1j@youtube.com,88
57,John,Torres,jtorres1k@seesaa.net,48
58,Christina,Mcdonald,cmcdonald1l@technorati.com,80
59,Shirley,Little,slittle1m@google.com.hk,91
60,Joyce,Walker,jwalker1n@nasa.gov,66
61,Frank,Wells,fwells1o@nytimes.com,55
62,Paul,Jackson,pjackson1p@weebly.com,8
63,Daniel,Gutierrez,dgutierrez1q@github.io,100
64,Ruth,Hall,rhall1r@wufoo.com,70
65,Judy,Olson,jolson1s@prweb.com,11
66,Thomas,Shaw,tshaw1t@rediff.com,74
67,Sandra,Perez,sperez1u@biglobe.ne.jp,65
68,Jerry,Wright,jwright1v@livejournal.com,36
69,Catherine,Hall,chall1w@amazon.co.jp,18
70,Earl,Moreno,emoreno1x@nbcnews.com,78
71,Janice,Evans,jevans1y@naver.com,83
72,Julie,King,jking1z@biblegateway.com,41
73,Wayne,Brooks,wbrooks20@comcast.net,90
74,Sharon,Medina,smedina21@howstuffworks.com,39
75,Heather,Robinson,hrobinson22@printfriendly.com,83
76,Brenda,Stevens,bstevens23@seesaa.net,47
77,Karen,Martinez,kmartinez24@t-online.de,19
78,Annie,Mccoy,amccoy25@constantcontact.com,57
79,Pamela,Sullivan,psullivan26@mtv.com,47
80,Roy,Howard,rhoward27@europa.eu,4
81,Peter,Riley,priley28@furl.net,46
82,Peter,Carpenter,pcarpenter29@scientificamerican.com,61
83,Gerald,Arnold,garnold2a@china.com.cn,47
84,Gloria,Collins,gcollins2b@springer.com,93
85,Anthony,Davis,adavis2c@vk.com,97
86,George,Oliver,goliver2d@jiathis.com,76
87,Amy,Stanley,astanley2e@live.com,43
88,Willie,Ramirez,wramirez2f@shutterfly.com,30
89,Jimmy,Gilbert,jgilbert2g@ow.ly,67
90,James,Garrett,jgarrett2h@webs.com,20
91,Richard,Rivera,rrivera2i@bigcartel.com,21
92,Lois,Woods,lwoods2j@nbcnews.com,62
93,Christine,Alexander,calexander2k@sakura.ne.jp,95
94,Sara,Carr,scarr2l@unc.edu,97
95,Scott,Price,sprice2m@comsenz.com,73
96,Doris,Martin,dmartin2n@etsy.com,14
97,Paul,Willis,pwillis2o@cmu.edu,99
98,Maria,Campbell,mcampbell2p@chronoengine.com,56
99,Barbara,Rice,brice2q@patch.com,35
100,Harold,Wilson,hwilson2r@msn.com,80
